{"cameraMode":{"drawMode":0,"name":"Shaded","section":"Shading Mode"},"sceneLighting":true,"audioPlay":false,"sceneViewState":{"showFog":true,"showMaterialUpdate":false,"showSkybox":true,"showFlares":true,"showImageEffects":true,"showParticleSystems":true},"in2DMode":false,"pivot":{"x":338.7528381347656,"y":23.068946838378908,"z":260.94818115234377},"rotation":{"x":0.05284992977976799,"y":-0.7567399740219116,"z":0.06048915907740593,"w":0.6489573121070862},"size":2.944552183151245,"orthographic":false}