{"cameraMode":{"drawMode":0,"name":"Shaded","section":"Shading Mode"},"sceneLighting":false,"audioPlay":false,"sceneViewState":{"showFog":true,"showMaterialUpdate":false,"showSkybox":false,"showFlares":true,"showImageEffects":true,"showParticleSystems":true},"in2DMode":false,"pivot":{"x":318.0605163574219,"y":0.8028022050857544,"z":234.0},"rotation":{"x":0.11181336641311646,"y":0.8457012176513672,"z":-0.19577276706695558,"w":0.48379212617874148},"size":0.21650634706020356,"orthographic":false}