{"cameraMode":{"drawMode":0,"name":"Shaded","section":"Shading Mode"},"sceneLighting":true,"audioPlay":false,"sceneViewState":{"showFog":true,"showMaterialUpdate":false,"showSkybox":true,"showFlares":true,"showImageEffects":true,"showParticleSystems":true},"in2DMode":false,"pivot":{"x":503.319091796875,"y":152.70208740234376,"z":192.3428955078125},"rotation":{"x":0.3571033775806427,"y":0.333708256483078,"z":-0.13834233582019807,"w":0.8613952994346619},"size":133.175537109375,"orthographic":false}