{"cameraMode":{"drawMode":0,"name":"Shaded","section":"Shading Mode"},"sceneLighting":false,"audioPlay":false,"sceneViewState":{"showFog":true,"showMaterialUpdate":false,"showSkybox":false,"showFlares":true,"showImageEffects":true,"showParticleSystems":true},"in2DMode":false,"pivot":{"x":-3.5762786865234377e-7,"y":0.0,"z":3.5762786865234377e-7},"rotation":{"x":0.0346045084297657,"y":0.9416677355766296,"z":-0.31877630949020388,"w":0.1027054637670517},"size":1.414212942123413,"orthographic":false}