{"cameraMode":{"drawMode":0,"name":"Shaded","section":"Shading Mode"},"sceneLighting":true,"audioPlay":false,"sceneViewState":{"showFog":true,"showMaterialUpdate":false,"showSkybox":true,"showFlares":true,"showImageEffects":true,"showParticleSystems":true},"in2DMode":false,"pivot":{"x":294.9775390625,"y":14.631330490112305,"z":227.58621215820313},"rotation":{"x":0.16258974373340608,"y":0.6393089294433594,"z":-0.14099714159965516,"w":0.7382825016975403},"size":1.4874451160430909,"orthographic":false}